symptom_graph_group,group_count,positive_count,mean_symptom_count,mean_graph_symptom_sum,mean_combined_score,positive_rate
A,149,10,1.1879194630872483,13.63758389261745,2.470917225950783,0.06711409395973154
B,226,10,1.163716814159292,0.0,0.193952802359882,0.04424778761061947
C,963,29,0.0,11.293873312564902,1.8823122187608168,0.030114226375908618
D,1662,3,0.0,0.0,0.0,0.0018050541516245488
