symptom_graph_group,group_count,positive_count,mean_symptom_count,mean_graph_symptom_sum,mean_combined_score,positive_rate
A,156,21,1.2179487179487178,12.35897435897436,2.2628205128205128,0.1346153846153846
B,235,4,1.1914893617021276,0.0,0.19858156028368792,0.01702127659574468
C,995,22,0.0,12.28140703517588,2.046901172529313,0.022110552763819097
D,1614,3,0.0,0.0,0.0,0.0018587360594795538
