symptom_graph_group,group_count,positive_count,mean_symptom_count,mean_graph_symptom_sum,mean_combined_score,positive_rate
A,152,23,1.2763157894736843,12.0,2.212719298245614,0.1513157894736842
B,242,0,1.140495867768595,0.0,0.19008264462809918,0.0
C,1038,28,0.0,11.772639691714836,1.962106615285806,0.02697495183044316
D,1568,1,0.0,0.0,0.0,0.0006377551020408163
