symptom_graph_group,positive_count,asymptomatic_positive_count,mean_graph_symptom_sum,mean_combined_score,positive_share,asymptomatic_share_within_group
A,18,0,23.333333333333332,4.212962962962963,0.3157894736842105,0.0
B,6,0,0.0,0.3333333333333333,0.10526315789473684,0.0
C,32,32,23.75,3.9583333333333335,0.5614035087719298,1.0
D,1,1,0.0,0.0,0.017543859649122806,1.0
