symptom_graph_group,group_count,positive_count,mean_symptom_count,mean_graph_symptom_sum,mean_combined_score,positive_rate
A,152,18,1.1710526315789473,12.631578947368421,2.300438596491228,0.11842105263157894
B,252,6,1.1468253968253967,0.0,0.19113756613756613,0.023809523809523808
C,989,32,0.0,12.38422649140546,2.0640377485675767,0.032355915065722954
D,1607,1,0.0,0.0,0.0,0.0006222775357809583
