symptom_graph_group,group_count,positive_count,mean_symptom_count,mean_graph_symptom_sum,mean_combined_score,positive_rate
A,159,26,1.270440251572327,13.20754716981132,2.4129979035639413,0.16352201257861634
B,229,0,1.1441048034934498,0.0,0.19068413391557495,0.0
C,1060,28,0.0,12.09811320754717,2.016352201257862,0.026415094339622643
D,1552,1,0.0,0.0,0.0,0.0006443298969072165
