symptom_graph_group,group_count,positive_count,mean_symptom_count,mean_graph_symptom_sum,mean_combined_score,positive_rate
A,137,16,1.1897810218978102,9.81021897810219,1.8333333333333333,0.11678832116788321
B,262,3,1.1374045801526718,0.0,0.1895674300254453,0.011450381679389313
C,1072,31,0.0,11.585820895522389,1.9309701492537314,0.028917910447761194
D,1529,4,0.0,0.0,0.0,0.002616088947024199
