symptom_graph_group,group_count,positive_count,mean_symptom_count,mean_graph_symptom_sum,mean_combined_score,positive_rate
A,143,16,1.1958041958041958,13.174825174825175,2.395104895104895,0.11188811188811189
B,221,4,1.1538461538461537,0.0,0.19230769230769232,0.01809954751131222
C,1002,30,0.0,10.854291417165669,1.8090485695276115,0.029940119760479042
D,1634,4,0.0,0.0,0.0,0.0024479804161566705
