symptom_graph_group,group_count,positive_count,mean_symptom_count,mean_graph_symptom_sum,mean_combined_score,positive_rate
A,193,35,1.3471502590673574,17.637305699481864,3.164075993091537,0.18134715025906736
B,217,4,1.1751152073732718,0.0,0.195852534562212,0.018433179723502304
C,1011,42,0.0,15.426310583580614,2.5710517639301025,0.04154302670623145
D,1579,3,0.0,0.0,0.0,0.0018999366687777073
