symptom_graph_group,positive_count,asymptomatic_positive_count,mean_graph_symptom_sum,mean_combined_score,positive_share,asymptomatic_share_within_group
A,18,0,18.666666666666668,3.435185185185185,0.3333333333333333,0.0
B,3,0,0.0,0.38888888888888884,0.05555555555555555,0.0
C,30,30,24.533333333333335,4.0888888888888895,0.5555555555555556,1.0
D,3,3,0.0,0.0,0.05555555555555555,1.0
