symptom_graph_group,group_count,positive_count,mean_symptom_count,mean_graph_symptom_sum,mean_combined_score,positive_rate
A,202,18,1.202970297029703,12.158415841584159,2.2268976897689767,0.0891089108910891
B,213,3,1.192488262910798,0.0,0.19874804381846634,0.014084507042253521
C,1072,30,0.0,12.201492537313433,2.033582089552239,0.027985074626865673
D,1513,3,0.0,0.0,0.0,0.0019828155981493722
