symptom_graph_group,positive_count,asymptomatic_positive_count,mean_graph_symptom_sum,mean_combined_score,positive_share,asymptomatic_share_within_group
A,25,0,25.12,4.533333333333333,0.46296296296296297,0.0
B,1,0,0.0,0.5,0.018518518518518517,0.0
C,26,26,28.923076923076923,4.82051282051282,0.48148148148148145,1.0
D,2,2,0.0,0.0,0.037037037037037035,1.0
