symptom_graph_group,group_count,positive_count,mean_symptom_count,mean_graph_symptom_sum,mean_combined_score,positive_rate
A,166,25,1.3132530120481927,13.831325301204819,2.5240963855421685,0.15060240963855423
B,224,1,1.1473214285714286,0.0,0.19122023809523808,0.004464285714285714
C,1027,26,0.0,12.68159688412853,2.1135994806880882,0.02531645569620253
D,1583,2,0.0,0.0,0.0,0.0012634238787113076
