symptom_graph_group,group_count,positive_count,mean_symptom_count,mean_graph_symptom_sum,mean_combined_score,positive_rate
A,160,17,1.175,12.9,2.345833333333333,0.10625
B,219,3,1.0684931506849316,0.0,0.1780821917808219,0.0136986301369863
C,1031,32,0.0,11.3094083414161,1.8849013902360168,0.031037827352085354
D,1590,4,0.0,0.0,0.0,0.0025157232704402514
