symptom_graph_group,group_count,positive_count,mean_symptom_count,mean_graph_symptom_sum,mean_combined_score,positive_rate
A,170,23,1.2,13.129411764705882,2.388235294117647,0.13529411764705881
B,244,0,1.1844262295081966,0.0,0.19740437158469945,0.0
C,1015,31,0.0,12.16551724137931,2.027586206896552,0.030541871921182268
D,1571,2,0.0,0.0,0.0,0.001273074474856779
