symptom_graph_group,positive_count,asymptomatic_positive_count,mean_graph_symptom_sum,mean_combined_score,positive_share,asymptomatic_share_within_group
A,15,0,29.066666666666666,5.222222222222222,0.2830188679245283,0.0
B,3,0,0.0,0.38888888888888884,0.05660377358490566,0.0
C,26,26,32.92307692307692,5.487179487179487,0.49056603773584906,1.0
D,9,9,0.0,0.0,0.16981132075471697,1.0
