symptom_graph_group,group_count,positive_count,mean_symptom_count,mean_graph_symptom_sum,mean_combined_score,positive_rate
A,152,15,1.256578947368421,13.0,2.37609649122807,0.09868421052631579
B,244,3,1.1721311475409837,0.0,0.1953551912568306,0.012295081967213115
C,1021,26,0.0,12.105778648383938,2.0176297747306564,0.025465230166503428
D,1583,9,0.0,0.0,0.0,0.005685407454200884
