symptom_graph_group,positive_count,asymptomatic_positive_count,mean_graph_symptom_sum,mean_combined_score,positive_share,asymptomatic_share_within_group
A,24,0,30.5,5.402777777777778,0.43636363636363634,0.0
B,1,0,0.0,0.3333333333333333,0.01818181818181818,0.0
C,26,26,30.615384615384617,5.102564102564102,0.4727272727272727,1.0
D,4,4,0.0,0.0,0.07272727272727272,1.0
