symptom_graph_group,group_count,positive_count,mean_symptom_count,mean_graph_symptom_sum,mean_combined_score,positive_rate
A,180,24,1.2222222222222223,13.533333333333333,2.4592592592592593,0.13333333333333333
B,218,1,1.1192660550458715,0.0,0.18654434250764526,0.0045871559633027525
C,1020,26,0.0,11.87843137254902,1.9797385620915031,0.025490196078431372
D,1582,4,0.0,0.0,0.0,0.0025284450063211127
