symptom_graph_group,group_count,positive_count,mean_symptom_count,mean_graph_symptom_sum,mean_combined_score,positive_rate
A,197,22,1.233502538071066,13.725888324873097,2.493231810490694,0.1116751269035533
B,209,0,1.186602870813397,0.0,0.19776714513556617,0.0
C,1055,31,0.0,13.323222748815166,2.2205371248025276,0.029383886255924172
D,1539,1,0.0,0.0,0.0,0.000649772579597141
