symptom_graph_group,group_count,positive_count,mean_symptom_count,mean_graph_symptom_sum,mean_combined_score,positive_rate
A,199,23,1.2663316582914572,13.768844221105528,2.505862646566164,0.11557788944723618
B,213,1,1.1502347417840375,0.0,0.19170579029733958,0.004694835680751174
C,1067,32,0.0,12.82099343955014,2.1368322399250235,0.02999062792877226
D,1521,0,0.0,0.0,0.0,0.0
