symptom_graph_group,group_count,positive_count,mean_symptom_count,mean_graph_symptom_sum,mean_combined_score,positive_rate
A,167,19,1.2275449101796407,11.353293413173652,2.0968063872255485,0.11377245508982035
B,218,2,1.151376146788991,0.0,0.19189602446483178,0.009174311926605505
C,1032,25,0.0,11.62015503875969,1.9366925064599483,0.02422480620155039
D,1583,4,0.0,0.0,0.0,0.002526847757422615
