symptom_graph_group,positive_count,asymptomatic_positive_count,mean_graph_symptom_sum,mean_combined_score,positive_share,asymptomatic_share_within_group
A,15,0,18.133333333333333,3.3333333333333335,0.28846153846153844,0.0
B,4,0,0.0,0.3333333333333333,0.07692307692307693,0.0
C,25,25,18.08,3.013333333333333,0.4807692307692308,1.0
D,8,8,0.0,0.0,0.15384615384615385,1.0
