symptom_graph_group,group_count,positive_count,mean_symptom_count,mean_graph_symptom_sum,mean_combined_score,positive_rate
A,166,15,1.1987951807228916,11.325301204819278,2.0873493975903616,0.09036144578313253
B,235,4,1.1404255319148937,0.0,0.1900709219858156,0.01702127659574468
C,1068,25,0.0,11.250936329588015,1.8751560549313357,0.023408239700374533
D,1531,8,0.0,0.0,0.0,0.005225342913128674
