symptom_graph_group,group_count,positive_count,mean_symptom_count,mean_graph_symptom_sum,mean_combined_score,positive_rate
A,138,17,1.2608695652173914,13.855072463768115,2.5193236714975846,0.12318840579710146
B,248,1,1.1491935483870968,0.0,0.19153225806451613,0.004032258064516129
C,997,31,0.0,12.61384152457372,2.102306920762287,0.031093279839518557
D,1617,1,0.0,0.0,0.0,0.0006184291898577613
