symptom_graph_group,positive_count,asymptomatic_positive_count,mean_graph_symptom_sum,mean_combined_score,positive_share,asymptomatic_share_within_group
A,22,0,22.181818181818183,4.03030303030303,0.39285714285714285,0.0
B,2,0,0.0,0.25,0.03571428571428571,0.0
C,27,27,34.22222222222222,5.703703703703703,0.48214285714285715,1.0
D,5,5,0.0,0.0,0.08928571428571429,1.0
