symptom_graph_group,group_count,positive_count,mean_symptom_count,mean_graph_symptom_sum,mean_combined_score,positive_rate
A,161,22,1.2608695652173914,12.645962732919255,2.3178053830227743,0.13664596273291926
B,240,2,1.1708333333333334,0.0,0.19513888888888886,0.008333333333333333
C,1051,27,0.0,12.548049476688869,2.0913415794481445,0.025689819219790674
D,1548,5,0.0,0.0,0.0,0.003229974160206718
