symptom_graph_group,group_count,positive_count,mean_symptom_count,mean_graph_symptom_sum,mean_combined_score,positive_rate
A,176,17,1.2727272727272727,11.136363636363637,2.0681818181818183,0.09659090909090909
B,227,4,1.1541850220264318,0.0,0.19236417033773862,0.01762114537444934
C,1026,22,0.0,12.1364522417154,2.0227420402859,0.021442495126705652
D,1571,7,0.0,0.0,0.0,0.004455760661998727
