symptom_graph_group,group_count,positive_count,mean_symptom_count,mean_graph_symptom_sum,mean_combined_score,positive_rate
A,167,20,1.2275449101796407,14.275449101796408,2.5838323353293413,0.11976047904191617
B,220,2,1.1363636363636365,0.0,0.1893939393939394,0.00909090909090909
C,1021,30,0.0,12.536728697355533,2.089454782892589,0.029382957884427033
D,1592,0,0.0,0.0,0.0,0.0
