symptom_graph_group,group_count,positive_count,mean_symptom_count,mean_graph_symptom_sum,mean_combined_score,positive_rate
A,164,20,1.225609756097561,14.634146341463415,2.643292682926829,0.12195121951219512
B,231,4,1.173160173160173,0.0,0.19552669552669552,0.017316017316017316
C,1025,27,0.0,12.035121951219512,2.0058536585365854,0.026341463414634145
D,1580,5,0.0,0.0,0.0,0.0031645569620253164
