symptom_graph_group,positive_count,asymptomatic_positive_count,mean_graph_symptom_sum,mean_combined_score,positive_share,asymptomatic_share_within_group
A,18,0,20.666666666666668,3.731481481481482,0.3103448275862069,0.0
B,1,0,0.0,0.16666666666666666,0.017241379310344827,0.0
C,35,35,21.485714285714284,3.5809523809523807,0.603448275862069,1.0
D,4,4,0.0,0.0,0.06896551724137931,1.0
