symptom_graph_group,group_count,positive_count,mean_symptom_count,mean_graph_symptom_sum,mean_combined_score,positive_rate
A,143,18,1.1818181818181819,13.622377622377622,2.4673659673659674,0.1258741258741259
B,243,1,1.1275720164609053,0.0,0.18792866941015088,0.00411522633744856
C,1064,35,0.0,11.582706766917294,1.9304511278195489,0.03289473684210526
D,1550,4,0.0,0.0,0.0,0.0025806451612903226
