symptom_graph_group,group_count,positive_count,mean_symptom_count,mean_graph_symptom_sum,mean_combined_score,positive_rate
A,146,12,1.1917808219178083,12.32876712328767,2.2534246575342465,0.0821917808219178
B,245,4,1.1510204081632653,0.0,0.19183673469387755,0.0163265306122449
C,1062,35,0.0,11.107344632768362,1.8512241054613936,0.03295668549905838
D,1547,5,0.0,0.0,0.0,0.003232062055591467
