symptom_graph_group,group_count,positive_count,mean_symptom_count,mean_graph_symptom_sum,mean_combined_score,positive_rate
A,175,25,1.2057142857142857,13.325714285714286,2.421904761904762,0.14285714285714285
B,254,2,1.1732283464566928,0.0,0.19553805774278216,0.007874015748031496
C,1089,28,0.0,12.499540863177227,2.0832568105295377,0.025711662075298437
D,1482,1,0.0,0.0,0.0,0.0006747638326585695
