symptom_graph_group,positive_count,asymptomatic_positive_count,mean_graph_symptom_sum,mean_combined_score,positive_share,asymptomatic_share_within_group
A,19,0,26.31578947368421,4.701754385964912,0.3333333333333333,0.0
B,3,0,0.0,0.3333333333333333,0.05263157894736842,0.0
C,30,30,30.133333333333333,5.022222222222222,0.5263157894736842,1.0
D,5,5,0.0,0.0,0.08771929824561403,1.0
