symptom_graph_group,group_count,positive_count,mean_symptom_count,mean_graph_symptom_sum,mean_combined_score,positive_rate
A,169,19,1.2307692307692308,14.50887573964497,2.6232741617357003,0.11242603550295859
B,247,3,1.145748987854251,0.0,0.19095816464237517,0.012145748987854251
C,1005,30,0.0,12.63681592039801,2.1061359867330016,0.029850746268656716
D,1579,5,0.0,0.0,0.0,0.0031665611146295125
