symptom_graph_group,group_count,positive_count,mean_symptom_count,mean_graph_symptom_sum,mean_combined_score,positive_rate
A,199,20,1.2663316582914572,14.311557788944723,2.5963149078726966,0.10050251256281408
B,236,2,1.1567796610169492,0.0,0.19279661016949154,0.00847457627118644
C,1104,29,0.0,12.94927536231884,2.1582125603864735,0.026268115942028984
D,1461,3,0.0,0.0,0.0,0.002053388090349076
