symptom_graph_group,group_count,positive_count,mean_symptom_count,mean_graph_symptom_sum,mean_combined_score,positive_rate
A,148,20,1.2297297297297298,13.378378378378379,2.4346846846846844,0.13513513513513514
B,260,4,1.1923076923076923,0.0,0.1987179487179487,0.015384615384615385
C,1010,28,0.0,12.300990099009901,2.05016501650165,0.027722772277227723
D,1582,4,0.0,0.0,0.0,0.0025284450063211127
