symptom_graph_group,group_count,positive_count,mean_symptom_count,mean_graph_symptom_sum,mean_combined_score,positive_rate
A,166,23,1.2108433734939759,13.80722891566265,2.503012048192771,0.13855421686746988
B,249,1,1.1606425702811245,0.0,0.1934404283801874,0.004016064257028112
C,1019,35,0.0,13.472031403336604,2.2453385672227673,0.03434739941118744
D,1566,3,0.0,0.0,0.0,0.0019157088122605363
