symptom_graph_group,group_count,positive_count,mean_symptom_count,mean_graph_symptom_sum,mean_combined_score,positive_rate
A,151,11,1.2450331125827814,12.132450331125828,2.229580573951435,0.0728476821192053
B,226,1,1.1283185840707965,0.0,0.18805309734513273,0.004424778761061947
C,1012,32,0.0,11.430830039525691,1.9051383399209487,0.03162055335968379
D,1611,7,0.0,0.0,0.0,0.004345127250155183
