symptom_graph_group,positive_count,asymptomatic_positive_count,mean_graph_symptom_sum,mean_combined_score,positive_share,asymptomatic_share_within_group
A,22,0,30.545454545454547,5.409090909090909,0.3188405797101449,0.0
B,3,0,0.0,0.2222222222222222,0.043478260869565216,0.0
C,36,36,29.88888888888889,4.981481481481482,0.5217391304347826,1.0
D,8,8,0.0,0.0,0.11594202898550725,1.0
