symptom_graph_group,group_count,positive_count,mean_symptom_count,mean_graph_symptom_sum,mean_combined_score,positive_rate
A,180,22,1.1888888888888889,14.666666666666666,2.642592592592593,0.12222222222222222
B,219,3,1.1415525114155252,0.0,0.1902587519025875,0.0136986301369863
C,1042,36,0.0,12.840690978886757,2.140115163147793,0.0345489443378119
D,1559,8,0.0,0.0,0.0,0.005131494547787043
