symptom_graph_group,positive_count,asymptomatic_positive_count,mean_graph_symptom_sum,mean_combined_score,positive_share,asymptomatic_share_within_group
A,14,0,18.857142857142858,3.4404761904761902,0.2641509433962264,0.0
B,1,0,0.0,0.3333333333333333,0.018867924528301886,0.0
C,31,31,21.161290322580644,3.5268817204301075,0.5849056603773585,1.0
D,7,7,0.0,0.0,0.1320754716981132,1.0
