symptom_graph_group,group_count,positive_count,mean_symptom_count,mean_graph_symptom_sum,mean_combined_score,positive_rate
A,177,14,1.2146892655367232,12.768361581920903,2.330508474576271,0.07909604519774012
B,248,1,1.1612903225806452,0.0,0.1935483870967742,0.004032258064516129
C,1122,31,0.0,11.832442067736185,1.9720736779560308,0.027629233511586453
D,1453,7,0.0,0.0,0.0,0.004817618719889883
