symptom_graph_group,group_count,positive_count,mean_symptom_count,mean_graph_symptom_sum,mean_combined_score,positive_rate
A,164,19,1.2317073170731707,13.268292682926829,2.4166666666666665,0.11585365853658537
B,214,2,1.158878504672897,0.0,0.19314641744548283,0.009345794392523364
C,1007,25,0.0,11.721946375372394,1.953657729228732,0.024826216484607744
D,1615,4,0.0,0.0,0.0,0.002476780185758514
