symptom_graph_group,group_count,positive_count,mean_symptom_count,mean_graph_symptom_sum,mean_combined_score,positive_rate
A,146,10,1.2397260273972603,12.63013698630137,2.3116438356164384,0.0684931506849315
B,242,5,1.1446280991735538,0.0,0.19077134986225894,0.02066115702479339
C,1024,24,0.0,11.19140625,1.865234375,0.0234375
D,1588,11,0.0,0.0,0.0,0.0069269521410579345
