symptom_graph_group,group_count,positive_count,mean_symptom_count,mean_graph_symptom_sum,mean_combined_score,positive_rate
A,146,31,1.3150684931506849,15.780821917808218,2.8493150684931505,0.21232876712328766
B,234,4,1.170940170940171,0.0,0.19515669515669515,0.017094017094017096
C,1004,37,0.0,13.398406374501992,2.233067729083665,0.036852589641434265
D,1616,3,0.0,0.0,0.0,0.0018564356435643563
