symptom_graph_group,group_count,positive_count,mean_symptom_count,mean_graph_symptom_sum,mean_combined_score,positive_rate
A,171,25,1.2105263157894737,13.146198830409357,2.3927875243664714,0.14619883040935672
B,235,0,1.1574468085106382,0.0,0.1929078014184397,0.0
C,1035,28,0.0,12.691787439613526,2.1152979066022546,0.02705314009661836
D,1559,2,0.0,0.0,0.0,0.0012828736369467607
