stat,n,positive_count,positive_rate,contact_edges,weighted_graph_edges,positive_positive_edges,positive_symptomatic_count,positive_symptomatic_rate,asymptomatic_positive_count,asymptomatic_positive_rate,negative_symptomatic_count,negative_symptomatic_rate,mean_symptom_count_positive,mean_symptom_count_negative,sample_index,group_A_count,group_A_positive_count,group_A_positive_rate,group_B_count,group_B_positive_count,group_B_positive_rate,group_C_count,group_C_positive_count,group_C_positive_rate,group_D_count,group_D_positive_count,group_D_positive_rate
min,3000.0,50.0,0.016666666666666666,10355.0,5798.0,49.0,12.0,0.23529411764705882,25.0,0.49230769230769234,338.0,0.11480978260869565,0.5094339622641509,0.13000678886625933,1.0,137.0,10.0,0.06711409395973154,198.0,0.0,0.0,956.0,22.0,0.021442495126705652,1453.0,0.0,0.0
mean,3000.0,57.68,0.019226666666666666,10889.82,6175.5,92.28,23.38,0.4046699875500277,34.3,0.5953300124499722,375.2,0.1275210800128971,0.7901437313263854,0.14601044390270163,25.5,167.06,20.7,0.12370472936121768,231.52,2.68,0.011586752666135482,1032.74,30.58,0.029569580981666933,1568.68,3.72,0.00237523367086528
max,3000.0,116.0,0.03866666666666667,12108.0,6980.0,243.0,44.0,0.5076923076923077,72.0,0.7647058823529411,413.0,0.14019008825526136,1.1346153846153846,0.16259334691106586,50.0,218.0,39.0,0.21232876712328766,262.0,10.0,0.04424778761061947,1128.0,63.0,0.058118081180811805,1678.0,11.0,0.0069269521410579345
