symptom_graph_group,group_count,positive_count,mean_symptom_count,mean_graph_symptom_sum,mean_combined_score,positive_rate
A,178,24,1.2696629213483146,15.460674157303371,2.7883895131086143,0.1348314606741573
B,234,2,1.141025641025641,0.0,0.19017094017094016,0.008547008547008548
C,998,24,0.0,13.198396793587174,2.199732798931196,0.02404809619238477
D,1590,2,0.0,0.0,0.0,0.0012578616352201257
