symptom_graph_group,positive_count,asymptomatic_positive_count,mean_graph_symptom_sum,mean_combined_score,positive_share,asymptomatic_share_within_group
A,31,0,32.38709677419355,5.693548387096774,0.47692307692307695,0.0
B,2,0,0.0,0.41666666666666663,0.03076923076923077,0.0
C,31,31,30.193548387096776,5.032258064516129,0.47692307692307695,1.0
D,1,1,0.0,0.0,0.015384615384615385,1.0
