symptom_graph_group,group_count,positive_count,mean_symptom_count,mean_graph_symptom_sum,mean_combined_score,positive_rate
A,184,31,1.2934782608695652,16.934782608695652,3.0380434782608696,0.16847826086956522
B,232,2,1.1637931034482758,0.0,0.1939655172413793,0.008620689655172414
C,1075,31,0.0,12.982325581395349,2.163720930232558,0.02883720930232558
D,1509,1,0.0,0.0,0.0,0.0006626905235255136
