symptom_graph_group,group_count,positive_count,mean_symptom_count,mean_graph_symptom_sum,mean_combined_score,positive_rate
A,165,24,1.2363636363636363,13.236363636363636,2.412121212121212,0.14545454545454545
B,238,2,1.138655462184874,0.0,0.18977591036414565,0.008403361344537815
C,984,29,0.0,12.369918699186991,2.0616531165311653,0.029471544715447155
D,1613,6,0.0,0.0,0.0,0.0037197768133911966
