symptom_graph_group,group_count,positive_count,mean_symptom_count,mean_graph_symptom_sum,mean_combined_score,positive_rate
A,166,15,1.2951807228915662,14.36144578313253,2.609437751004016,0.09036144578313253
B,221,2,1.16289592760181,0.0,0.19381598793363497,0.00904977375565611
C,1055,31,0.0,12.109952606635071,2.018325434439179,0.029383886255924172
D,1558,2,0.0,0.0,0.0,0.0012836970474967907
