symptom_graph_group,positive_count,asymptomatic_positive_count,mean_graph_symptom_sum,mean_combined_score,positive_share,asymptomatic_share_within_group
A,24,0,30.833333333333332,5.5,0.41379310344827586,0.0
B,3,0,0.0,0.3333333333333333,0.05172413793103448,0.0
C,27,27,37.03703703703704,6.172839506172839,0.46551724137931033,1.0
D,4,4,0.0,0.0,0.06896551724137931,1.0
