symptom_graph_group,group_count,positive_count,mean_symptom_count,mean_graph_symptom_sum,mean_combined_score,positive_rate
A,142,24,1.323943661971831,15.605633802816902,2.8215962441314555,0.16901408450704225
B,250,3,1.148,0.0,0.19133333333333333,0.012
C,1003,27,0.0,13.766699900299102,2.294449983383184,0.026919242273180457
D,1605,4,0.0,0.0,0.0,0.0024922118380062306
