symptom_graph_group,group_count,positive_count,mean_symptom_count,mean_graph_symptom_sum,mean_combined_score,positive_rate
A,173,20,1.260115606936416,13.433526011560694,2.448940269749518,0.11560693641618497
B,248,6,1.1935483870967742,0.0,0.1989247311827957,0.024193548387096774
C,1116,25,0.0,12.157706093189963,2.026284348864994,0.022401433691756272
D,1463,1,0.0,0.0,0.0,0.000683526999316473
