symptom_graph_group,group_count,positive_count,mean_symptom_count,mean_graph_symptom_sum,mean_combined_score,positive_rate
A,150,21,1.2666666666666666,13.306666666666667,2.428888888888889,0.14
B,212,3,1.1415094339622642,0.0,0.190251572327044,0.014150943396226415
C,960,27,0.0,11.941666666666666,1.9902777777777778,0.028125
D,1678,5,0.0,0.0,0.0,0.0029797377830750892
