symptom_graph_group,positive_count,asymptomatic_positive_count,mean_graph_symptom_sum,mean_combined_score,positive_share,asymptomatic_share_within_group
A,16,0,35.25,6.229166666666667,0.2962962962962963,0.0
B,5,0,0.0,0.36666666666666664,0.09259259259259259,0.0
C,30,30,30.266666666666666,5.044444444444445,0.5555555555555556,1.0
D,3,3,0.0,0.0,0.05555555555555555,1.0
