symptom_graph_group,group_count,positive_count,mean_symptom_count,mean_graph_symptom_sum,mean_combined_score,positive_rate
A,196,16,1.2142857142857142,14.224489795918368,2.57312925170068,0.08163265306122448
B,229,5,1.1528384279475983,0.0,0.19213973799126638,0.021834061135371178
C,1064,30,0.0,12.6203007518797,2.1033834586466167,0.02819548872180451
D,1511,3,0.0,0.0,0.0,0.001985440105890139
