symptom_graph_group,positive_count,asymptomatic_positive_count,mean_graph_symptom_sum,mean_combined_score,positive_share,asymptomatic_share_within_group
A,39,0,24.82051282051282,4.418803418803419,0.33620689655172414,0.0
B,5,0,0.0,0.4333333333333333,0.04310344827586207,0.0
C,63,63,26.03174603174603,4.338624338624339,0.5431034482758621,1.0
D,9,9,0.0,0.0,0.07758620689655173,1.0
