symptom_graph_group,group_count,positive_count,mean_symptom_count,mean_graph_symptom_sum,mean_combined_score,positive_rate
A,198,39,1.2424242424242424,15.333333333333334,2.7626262626262625,0.19696969696969696
B,228,5,1.1885964912280702,0.0,0.19809941520467836,0.021929824561403508
C,1084,63,0.0,13.88929889298893,2.3148831488314885,0.058118081180811805
D,1490,9,0.0,0.0,0.0,0.006040268456375839
