symptom_graph_group,group_count,positive_count,mean_symptom_count,mean_graph_symptom_sum,mean_combined_score,positive_rate
A,146,20,1.3013698630136987,15.58904109589041,2.815068493150685,0.136986301369863
B,235,1,1.2085106382978723,0.0,0.20141843971631204,0.00425531914893617
C,986,28,0.0,12.596348884381339,2.099391480730223,0.028397565922920892
D,1633,3,0.0,0.0,0.0,0.001837109614206981
