symptom_graph_group,group_count,positive_count,mean_symptom_count,mean_graph_symptom_sum,mean_combined_score,positive_rate
A,218,35,1.2889908256880733,14.495412844036696,2.6307339449541285,0.16055045871559634
B,198,3,1.1565656565656566,0.0,0.19276094276094274,0.015151515151515152
C,1128,58,0.0,14.24468085106383,2.374113475177305,0.051418439716312055
D,1456,4,0.0,0.0,0.0,0.0027472527472527475
