symptom_graph_group,group_count,positive_count,mean_symptom_count,mean_graph_symptom_sum,mean_combined_score,positive_rate
A,160,19,1.21875,12.875,2.348958333333333,0.11875
B,208,4,1.1442307692307692,0.0,0.1907051282051282,0.019230769230769232
C,956,30,0.0,12.02092050209205,2.003486750348675,0.03138075313807531
D,1676,1,0.0,0.0,0.0,0.0005966587112171838
