symptom_graph_group,group_count,positive_count,mean_symptom_count,mean_graph_symptom_sum,mean_combined_score,positive_rate
A,190,16,1.2421052631578948,14.905263157894737,2.6912280701754385,0.08421052631578947
B,204,1,1.1764705882352942,0.0,0.19607843137254902,0.004901960784313725
C,971,30,0.0,12.968074150360453,2.161345691726742,0.030895983522142123
D,1635,3,0.0,0.0,0.0,0.001834862385321101
